,symbol,name,foreign_invest,foreign_proprietor,invest_trust,proprietor,total
0,00715L,期街口布蘭特正2 ,"13,753,000",0,0,"17,219,458","30,972,458"
1,2303,聯電            ,"27,062,970",0,"-1,263,380","2,168,061","27,967,651"
2,00665L,富邦恒生國企正2 ,"5,034,000",0,0,"7,030,879","12,064,879"
3,00632R,元大台灣50反1   ,"16,143,000",0,0,"-4,147,204","11,995,796"
4,2313,華通            ,"3,761,942",0,"5,101,000","2,799,275","11,662,217"
5,2891,中信金          ,"10,640,345",0,"-103,000","-14,190","10,523,155"
6,2405,輔信            ,"9,501,900",0,0,"-5,000","9,496,900"
7,3715,定穎投控        ,"3,732,030",0,"4,404,000","232,093","8,368,123"
8,2355,敬鵬            ,"7,927,100",0,0,"387,395","8,314,495"
9,2401,凌陽            ,"3,702,995",0,0,"2,332,438","6,035,433"
10,3545,敦泰            ,"6,094,311",0,0,"-251,007","5,843,304"
11,00642U,期元大S&P石油   ,"667,829",0,0,"4,513,282","5,181,111"
12,2408,南亞科          ,"3,618,310",0,"4,175","681,222","4,303,707"
13,00900,富邦特選高股息30,"2,435,900",0,0,"1,833,465","4,269,365"
14,6116,彩晶            ,"4,024,000",0,0,"51,210","4,075,210"
15,2382,廣達            ,"5,502,224",0,"-1,235,000","-235,871","4,031,353"
16,00753L,中信中國50正2   ,"-424,000",0,0,"4,415,641","3,991,641"
17,00650L,復華香港正2     ,"2,161,000",0,0,"1,610,203","3,771,203"
18,2388,威盛            ,"2,584,215",0,"452,000","634,932","3,671,147"
19,2329,華泰            ,"3,539,000",0,0,"33,653","3,572,653"
20,00637L,元大滬深300正2  ,"5,569,000",0,0,"-2,025,798","3,543,202"
21,3005,神基            ,"3,090,275",0,"-3,730","298,302","3,384,847"
22,00881,國泰台灣5G+     ,"154,000",0,"1,687,000","1,511,508","3,352,508"
23,00932,兆豐永續高息等權,"1,877,000",0,0,"1,464,607","3,341,607"
24,00893,國泰智能電動車  ,"427,000",0,0,"2,731,000","3,158,000"
25,2369,菱生            ,"2,915,000",0,0,"1,090","2,916,090"
26,2801,彰銀            ,"2,811,652",0,0,"-29,000","2,782,652"
27,2324,仁寶            ,"2,609,530",0,"-10,736","75,162","2,673,956"
28,2884,玉山金          ,"2,556,226",0,0,"1,448","2,557,674"
29,2886,兆豐金          ,"2,712,568",0,"-117,000","-102,410","2,493,158"
30,5258,虹堡            ,"1,145,000",0,"1,123,000","200,285","2,468,285"
31,1504,東元            ,"2,393,000",0,0,"52,169","2,445,169"
32,2812,台中銀          ,"2,404,618",0,0,"-8,000","2,396,618"
33,4746,台耀            ,"135,000",0,"2,171,000","68,350","2,374,350"
34,6139,亞翔            ,"1,945,000",0,0,"372,605","2,317,605"
35,6282,康舒            ,"2,388,990",0,"2,000","-100,657","2,290,333"
36,3059,華晶科          ,"2,177,000",0,0,"102,593","2,279,593"
37,1524,耿鼎            ,"2,187,000",0,0,"60,000","2,247,000"
38,3017,奇鋐            ,"1,624,398",0,"95,000","441,028","2,160,426"
39,2845,遠東銀          ,"2,156,684",0,0,"-28,321","2,128,363"
40,2367,燿華            ,"2,159,655",0,0,"-37,462","2,122,193"
41,2890,永豐金          ,"2,368,972",0,"-243,000","-29,000","2,096,972"
42,3682,亞太電          ,"2,073,350",0,0,0,"2,073,350"
43,3231,緯創            ,"2,378,286",0,"-1,133,000","806,787","2,052,073"
44,2609,陽明            ,"1,995,354",0,0,"-3,001","1,992,353"
45,2330,台積電          ,"1,841,078",0,"-125,436","269,750","1,985,392"
46,2485,兆赫            ,"1,915,000",0,0,"30,036","1,945,036"
47,6770,力積電          ,"1,580,702",0,"-96,000","413,783","1,898,485"
48,2412,中華電          ,"1,886,962",0,"34,015","-36,000","1,884,977"
49,3406,玉晶光          ,"1,788,500",0,0,"51,660","1,840,160"
50,3062,建漢            ,"1,646,000",0,0,"-3,116","1,642,884"
51,00830,國泰費城半導體  ,"710,000",0,0,"914,000","1,624,000"
52,2331,精英            ,"1,403,000",0,0,"179,412","1,582,412"
53,3013,晟銘電          ,"1,219,000",0,0,"360,496","1,579,496"
54,00902,中信電池及儲能  ,"-595,000",0,0,"2,045,448","1,450,448"
55,4906,正文            ,"1,530,942",0,"-8,353","-108,857","1,413,732"
56,2451,創見            ,"1,462,000",0,0,"-56,422","1,405,578"
57,2353,宏碁            ,"1,114,430",0,"330,960","-41,800","1,403,590"
58,2363,矽統            ,"1,164,040",0,0,"233,344","1,397,384"
59,2383,台光電          ,"954,180",0,"152,000","265,500","1,371,680"
60,00936,台新永續高息中小,0,0,0,"1,300,411","1,300,411"
61,5880,合庫金          ,"1,281,154",0,0,"-37,969","1,243,185"
62,2454,聯發科          ,"1,238,000",0,"-24,426","-11,405","1,202,169"
63,6285,啟碁            ,"943,000",0,"174,000","81,313","1,198,313"
64,2885,元大金          ,"1,055,576",0,"-11,691","151,128","1,195,013"
65,2516,新建            ,"1,155,000",0,0,"-13,000","1,142,000"
66,2542,興富發          ,"1,099,900",0,0,"30,000","1,129,900"
67,6117,迎廣            ,"1,129,000",0,0,"-1,000","1,128,000"
68,2368,金像電          ,"531,106",0,"335,000","259,902","1,126,008"
69,4938,和碩            ,"978,012",0,"150,199","-39,722","1,088,489"
70,2462,良得電          ,"1,140,000",0,0,"-83,000","1,057,000"
71,2204,中華            ,"-109,010",0,"1,255,000","-102,616","1,043,374"
72,2880,華南金          ,"994,557",0,0,"18,002","1,012,559"
73,2436,偉詮電          ,"286,000",0,0,"687,920","973,920"
74,1515,力山            ,"973,000",0,"-348,000","311,000","936,000"
75,8112,至上            ,"693,321",0,"344,000","-107,678","929,643"
76,5521,工信            ,"906,000",0,0,"12,921","918,921"
77,2385,群光            ,"968,000",0,"-23,458","-28,867","915,675"
78,4967,十銓            ,"911,000",0,0,"1,781","912,781"
79,3702,大聯大          ,"745,110",0,"257,000","-111,719","890,391"
80,9933,中鼎            ,"859,000",0,0,"17,992","876,992"
81,1721,三晃            ,"852,000",0,0,0,"852,000"
82,2457,飛宏            ,"657,020",0,0,"175,676","832,696"
83,2610,華航            ,"-430,520",0,"3,010,000","-1,752,357","827,123"
84,00905,FT臺灣Smart     ,"-5,000",0,0,"830,237","825,237"
85,3450,聯鈞            ,"710,000",0,0,"95,777","805,777"
86,6505,台塑化          ,"802,858",0,0,"-4,927","797,931"
87,6243,迅杰            ,"744,000",0,0,"45,000","789,000"
88,2439,美律            ,"768,475",0,"-3,277","19,522","784,720"
89,0050,元大台灣50      ,"3,816,999",0,"80,000","-3,113,667","783,332"
90,2399,映泰            ,"754,000",0,0,0,"754,000"
91,1444,力麗            ,"748,000",0,0,"3,020","751,020"
92,6257,矽格            ,"629,000",0,"-5,144","100,853","724,709"
93,2337,旺宏            ,"157,000",0,"441,857","118,915","717,772"
94,00894,中信小資高價30  ,"-41,000",0,0,"755,503","714,503"
95,00903,富邦元宇宙      ,"-171,000",0,0,"867,701","696,701"
96,6695,芯鼎            ,"789,000",0,0,"-96,000","693,000"
97,2881,富邦金          ,"894,144",0,"63,170","-274,800","682,514"
98,2547,日勝生          ,"692,000",0,0,"-24,000","668,000"
99,2365,昆盈            ,"669,000",0,0,"-2,000","667,000"
100,1229,聯華            ,"633,100",0,"3,369","12,594","649,063"
101,5706,鳳凰            ,"579,010",0,0,"66,946","645,956"
102,2634,漢翔            ,"504,000",0,0,"139,233","643,233"
103,00897,富邦基因免疫生技,"1,094,000",0,0,"-479,104","614,896"
104,2520,冠德            ,"437,000",0,0,"173,001","610,001"
105,2633,台灣高鐵        ,"598,262",0,0,"5,000","603,262"
106,1582,信錦            ,"663,000",0,0,"-69,000","594,000"
107,3380,明泰            ,"626,000",0,0,"-44,750","581,250"
108,3376,新日興          ,"886,362",0,"-194,000","-118,829","573,533"
109,2106,建大            ,"110,950",0,"452,000","2,524","565,474"
110,9939,宏全            ,"394,128",0,"80,000","88,205","562,333"
111,6005,群益證          ,"551,000",0,0,0,"551,000"
112,6176,瑞儀            ,"387,970",0,"157,552","1,217","546,739"
113,3008,大立光          ,"428,542",0,"96,429","20,607","545,578"
114,3029,零壹            ,"531,000",0,0,"10,008","541,008"
115,8150,南茂            ,"512,000",0,"-7,789","34,000","538,211"
116,5876,上海商銀        ,"515,412",0,"30,384","-18,000","527,796"
117,00757,統一FANG+       ,"-449,000",0,0,"974,881","525,881"
118,2425,承啟            ,"522,000",0,0,0,"522,000"
119,6177,達麗            ,"516,349",0,0,"1,000","517,349"
120,4960,誠美材          ,"512,510",0,0,"-2,000","510,510"
121,2748,雲品            ,"596,000",0,"-65,000","-33,403","497,597"
122,1711,永光            ,"495,000",0,0,"2,145","497,145"
123,6153,嘉聯益          ,"429,000",0,0,"60,426","489,426"
124,3060,銘異            ,"490,000",0,0,"-1,006","488,994"
125,2867,三商壽          ,"616,421",0,0,"-128,000","488,421"
126,3042,晶技            ,"462,000",0,"-4,044","29,958","487,914"
127,2476,鉅祥            ,"588,000",0,0,"-100,481","487,519"
128,9919,康那香          ,"487,000",0,0,0,"487,000"
129,8110,華東            ,"483,000",0,0,221,"483,221"
130,3034,聯詠            ,"375,027",0,"141,236","-34,845","481,418"
131,1471,首利            ,"480,000",0,0,0,"480,000"
132,2211,長榮鋼          ,"480,000",0,"-4,284","1,580","477,296"
133,1440,南紡            ,"465,000",0,0,"-1,960","463,040"
134,1313,聯成            ,"444,000",0,0,"14,000","458,000"
135,2362,藍天            ,"452,000",0,0,"1,000","453,000"
136,1717,長興            ,"461,010",0,0,"-9,998","451,012"
137,8046,南電            ,"346,156",0,"60,000","43,054","449,210"
138,2889,國票金          ,"467,804",0,0,"-20,000","447,804"
139,6414,樺漢            ,"437,000",0,"51,000","-41,885","446,115"
140,2031,新光鋼          ,"87,000",0,"334,000","17,000","438,000"
141,9802,鈺齊-KY         ,"-17,000",0,"450,000","-7,205","425,795"
142,2888,新光金          ,"822,711",0,0,"-397,762","424,949"
143,3025,星通            ,"416,000",0,0,0,"416,000"
144,00876,元大全球5G      ,"201,000",0,0,"211,051","412,051"
145,3714,富采            ,"393,000",0,0,"17,950","410,950"
146,2323,中環            ,"460,000",0,0,"-49,685","410,315"
147,00918,大華優利高填息30,"26,950",0,0,"383,344","410,294"
148,1808,潤隆            ,"408,950",0,0,125,"409,075"
149,6805,富世達          ,"88,800",0,"313,000","-1,000","400,800"
150,00633L,富邦上証正2     ,"112,000",0,0,"286,422","398,422"
151,2017,官田鋼          ,"392,000",0,0,0,"392,000"
152,6112,邁達特          ,"343,000",0,0,"41,000","384,000"
153,1909,榮成            ,"397,000",0,0,"-17,000","380,000"
154,2208,台船            ,"389,000",0,0,"-10,659","378,341"
155,00631L,元大台灣50正2   ,"777,100",0,0,"-399,878","377,222"
156,4904,遠傳            ,"558,551",0,"15,161","-197,000","376,712"
157,2501,國建            ,"371,000",0,0,"2,000","373,000"
158,4915,致伸            ,"97,000",0,"231,829","38,784","367,613"
159,2314,台揚            ,"366,000",0,0,0,"366,000"
160,1216,統一            ,"418,901",0,"-67,000","10,000","361,901"
161,1455,集盛            ,"358,000",0,0,"2,000","360,000"
162,2049,上銀            ,"285,834",0,"1,064","69,531","356,429"
163,2442,新美齊          ,"349,000",0,0,"6,421","355,421"
164,6202,盛群            ,"360,000",0,"-4,908","-1,000","354,092"
165,2359,所羅門          ,"344,000",0,0,-92,"343,908"
166,2376,技嘉            ,"553,969",0,"-475,500","259,520","337,989"
167,6278,台表科          ,"332,000",0,0,"5,544","337,544"
168,2539,櫻花建          ,"337,000",0,0,"-4,000","333,000"
169,2340,台亞            ,"348,000",0,0,"-15,153","332,847"
170,9958,世紀鋼          ,"421,000",0,0,"-90,949","330,051"
171,8467,波力-KY         ,"342,000",0,0,"-13,000","329,000"
172,1326,台化            ,"345,229",0,0,"-16,262","328,967"
173,3055,蔚華科          ,"324,000",0,0,"-1,000","323,000"
174,3673,TPK-KY          ,"286,000",0,0,"35,544","321,544"
175,2892,第一金          ,"352,844",0,0,"-33,921","318,923"
176,00763U,期街口道瓊銅    ,"57,000",0,0,"258,000","315,000"
177,8271,宇瞻            ,"310,000",0,0,164,"310,164"
178,2332,友訊            ,"277,000",0,0,"30,000","307,000"
179,1714,和桐            ,"299,000",0,0,"2,000","301,000"
180,5225,東科-KY         ,"297,000",0,0,-485,"296,515"
181,3019,亞光            ,"229,997",0,"25,000","39,119","294,116"
182,4142,國光生          ,"290,000",0,0,"3,360","293,360"
183,4961,天鈺            ,"450,050",0,"-71,000","-89,414","289,636"
184,1536,和大            ,"289,000",0,0,596,"289,596"
185,1447,力鵬            ,"285,000",0,0,"3,000","288,000"
186,1760,寶齡富錦        ,"258,000",0,0,"29,998","287,998"
187,2351,順德            ,"272,000",0,0,"13,208","285,208"
188,8081,致新            ,"264,000",0,0,"18,814","282,814"
189,4532,瑞智            ,"286,000",0,0,"-5,189","280,811"
190,2023,燁輝            ,"274,000",0,0,"4,000","278,000"
191,00895,富邦未來車      ,"-83,000",0,0,"358,770","275,770"
192,00701,國泰股利精選30  ,"-29,000",0,0,"302,544","273,544"
193,1227,佳格            ,"271,000",0,0,"2,509","273,509"
194,2104,國際中橡        ,"288,000",0,0,"-16,000","272,000"
195,9907,統一實          ,"269,000",0,0,"2,842","271,842"
196,2233,宇隆            ,"266,000",0,0,"4,051","270,051"
197,3305,昇貿            ,"166,000",0,0,"103,000","269,000"
198,00898,國泰基因免疫革命,"257,000",0,0,"9,738","266,738"
199,3712,永崴投控        ,"247,000",0,0,"12,000","259,000"
200,1310,台苯            ,"256,000",0,0,"1,000","257,000"
201,1532,勤美            ,"234,000",0,0,"22,000","256,000"
202,1104,環泥            ,"268,000",0,0,"-14,000","254,000"
203,2489,瑞軒            ,"250,000",0,0,0,"250,000"
204,6605,帝寶            ,"242,000",0,0,"7,404","249,404"
205,2027,大成鋼          ,"354,000",0,"-72,000","-34,702","247,298"
206,020030,統一智慧電動車N ,0,0,0,"242,000","242,000"
207,00927,群益半導體收益  ,"-39,000",0,0,"276,771","237,771"
208,9924,福興            ,"236,000",0,0,"1,000","237,000"
209,3189,景碩            ,"83,000",0,"136,000","17,744","236,744"
210,3051,力特            ,"234,000",0,0,0,"234,000"
211,0052,富邦科技        ,"36,000",0,0,"197,681","233,681"
212,2316,楠梓電          ,"246,000",0,0,"-14,165","231,835"
213,3338,泰碩            ,"230,000",0,0,"1,002","231,002"
214,3669,圓展            ,"231,000",0,0,0,"231,000"
215,00683L,期元大美元指正2 ,"91,000",0,0,"138,000","229,000"
216,6669,緯穎            ,"212,389",0,"-24,000","37,452","225,841"
217,1810,和成            ,"224,000",0,0,"1,000","225,000"
218,1301,台塑            ,"265,469",0,"23,975","-66,389","223,055"
219,00738U,期元大道瓊白銀  ,"10,000",0,0,"212,000","222,000"
220,4739,康普            ,"212,960",0,0,"9,000","221,960"
221,3591,艾笛森          ,"219,000",0,0,"-1,000","218,000"
222,1708,東鹼            ,"217,090",0,0,899,"217,989"
223,9917,中保科          ,"215,000",0,0,898,"215,898"
224,1434,福懋            ,"211,045",0,0,"4,239","215,284"
225,00708L,期元大S&P黃金正2,"77,000",0,0,"138,000","215,000"
226,00922,國泰台灣領袖50  ,"1,322,065",0,0,"-1,112,492","209,573"
227,2426,鼎元            ,"208,000",0,0,"1,000","209,000"
228,1514,亞力            ,"245,794",0,0,"-37,951","207,843"
229,3209,全科            ,"207,960",0,0,"-1,000","206,960"
230,2338,光罩            ,"129,992",0,0,"76,816","206,808"
231,00752,中信中國50      ,"-552,000",0,0,"753,585","201,585"
232,006206,元大上證50      ,"37,000",0,0,"164,020","201,020"
233,2022,聚亨            ,"202,000",0,0,"-1,000","201,000"
234,6550,北極星藥業-KY   ,"198,000",0,0,"1,123","199,123"
235,2375,凱美            ,"159,000",0,0,"40,005","199,005"
236,1608,華榮            ,"195,000",0,0,"1,000","196,000"
237,8163,達方            ,"226,000",0,"-6,862","-25,042","194,096"
238,1342,八貫            ,"184,000",0,0,"9,002","193,002"
239,2034,允強            ,"191,000",0,0,"1,000","192,000"
240,3138,耀登            ,"205,000",0,0,"-14,000","191,000"
241,1789,神隆            ,"188,000",0,0,"2,000","190,000"
242,8213,志超            ,"186,000",0,0,"1,189","187,189"
243,00930,永豐ESG低碳高息 ,"-7,000",0,0,"192,385","185,385"
244,00892,富邦台灣半導體  ,"495,850",0,0,"-312,212","183,638"
245,3413,京鼎            ,"176,000",0,0,"7,600","183,600"
246,2392,正崴            ,"153,000",0,0,"30,263","183,263"
247,2025,千興            ,"180,000",0,0,0,"180,000"
248,2481,強茂            ,"172,000",0,0,"7,889","179,889"
249,2923,鼎固-KY         ,"173,000",0,0,"3,000","176,000"
250,1201,味全            ,"171,000",0,0,"-1,000","170,000"
251,9946,三發地產        ,"162,000",0,0,"1,000","163,000"
252,3032,偉訓            ,"177,000",0,0,"-14,577","162,423"
253,2030,彰源            ,"161,000",0,0,0,"161,000"
254,020022,元大電動車N     ,0,0,0,"161,000","161,000"
255,2465,麗臺            ,"159,400",0,0,0,"159,400"
256,2851,中再保          ,"164,000",0,0,"-6,166","157,834"
257,1727,中華化          ,"156,000",0,0,-413,"155,587"
258,4977,眾達-KY         ,"155,056",0,0,231,"155,287"
259,2360,致茂            ,"172,705",0,"2,000","-20,054","154,651"
260,2495,普安            ,"153,000",0,0,"1,120","154,120"
261,3149,正達            ,"154,000",0,0,0,"154,000"
262,5388,中磊            ,"138,700",0,0,"14,725","153,425"
263,6901,鑽石投資        ,"151,000",0,0,"2,000","153,000"
264,4763,材料-KY         ,"229,997",0,"-113,544","35,738","152,191"
265,9927,泰銘            ,"148,000",0,0,"4,001","152,001"
266,2537,聯上發          ,"152,000",0,0,0,"152,000"
267,2488,漢平            ,"151,000",0,0,173,"151,173"
268,1409,新纖            ,"150,000",0,0,"1,000","151,000"
269,3312,弘憶股          ,"149,000",0,0,"1,957","150,957"
270,2706,第一店          ,"148,000",0,0,"1,000","149,000"
271,3596,智易            ,"3,000",0,"122,183","22,000","147,183"
272,2630,亞航            ,"149,000",0,0,"-2,000","147,000"
273,1460,宏遠            ,"146,498",0,0,0,"146,498"
274,00655L,國泰中國A50正2  ,"10,000",0,0,"131,969","141,969"
275,2614,東森            ,"140,115",0,0,"1,000","141,115"
276,3003,健和興          ,"128,000",0,0,"13,054","141,054"
277,1304,台聚            ,"136,000",0,0,"2,000","138,000"
278,2101,南港            ,"136,000",0,0,"2,000","138,000"
279,2461,光群雷          ,"134,000",0,0,0,"134,000"
280,3038,全台            ,"133,000",0,0,-9,"132,991"
281,2406,國碩            ,"130,000",0,0,349,"130,349"
282,00901,永豐智能車供應鏈,"7,000",0,0,"121,859","128,859"
283,5284,jpp-KY          ,"126,000",0,0,"1,207","127,207"
284,2020,美亞            ,"122,000",0,0,"1,169","123,169"
285,1449,佳和            ,"123,000",0,0,0,"123,000"
286,1709,和益            ,"122,000",0,0,"1,000","123,000"
287,2007,燁興            ,"120,000",0,0,"1,000","121,000"
288,2438,翔耀            ,"117,000",0,0,"3,000","120,000"
289,1611,中電            ,"120,000",0,0,0,"120,000"
290,3028,增你強          ,"129,000",0,0,"-11,000","118,000"
291,3022,威強電          ,"91,000",0,0,"26,049","117,049"
292,1307,三芳            ,"116,000",0,0,"1,000","117,000"
293,2705,六福            ,"117,000",0,0,0,"117,000"
294,3033,威健            ,"128,000",0,0,"-13,090","114,910"
295,9938,百和            ,"127,000",0,0,"-13,000","114,000"
296,4564,元翎            ,"112,041",0,0,23,"112,064"
297,2511,太子            ,"109,000",0,0,"3,000","112,000"
298,8028,昇陽半導體      ,"111,839",0,0,8,"111,847"
299,2820,華票            ,"119,000",0,0,"-7,180","111,820"
300,3010,華立            ,"127,000",0,0,"-15,446","111,554"
301,00728,第一金工業30    ,"-14,000",0,0,"124,829","110,829"
302,4958,臻鼎-KY         ,"79,950",0,"146,437","-116,925","109,462"
303,4770,上品            ,"-28,000",0,"193,000","-56,086","108,914"
304,2327,國巨            ,"50,127",0,"-6,337","64,842","108,632"
305,2603,長榮            ,"-102,840",0,"-4,000","214,023","107,183"
306,2349,錸德            ,"109,000",0,0,"-2,000","107,000"
307,2849,安泰銀          ,"98,000",0,0,"8,000","106,000"
308,1904,正隆            ,"103,000",0,0,"3,000","106,000"
309,6197,佳必琪          ,"-38,000",0,0,"142,496","104,496"
310,00912,中信臺灣智慧50  ,"-6,000",0,0,"110,427","104,427"
311,1305,華夏            ,"158,100",0,"-13,038","-42,000","103,062"
312,1533,車王電          ,"108,000",0,0,"-5,000","103,000"
313,00733,富邦臺灣中小    ,"-1,895",0,0,"104,666","102,771"
314,3056,富華新          ,"151,530",0,0,"-50,948","100,582"
315,8464,億豐            ,"-3,090",0,"110,000","-6,610","100,300"
316,5434,崇越            ,"100,000",0,0,0,"100,000"
317,1103,嘉泥            ,"101,000",0,0,"-1,000","100,000"
318,1467,南緯            ,"99,000",0,0,0,"99,000"
319,006207,復華滬深        ,"48,000",0,0,"50,943","98,943"
320,2105,正新            ,"729,265",0,"-543,000","-87,575","98,690"
321,020028,元大特選電動車N ,0,0,0,"97,000","97,000"
322,8021,尖點            ,"95,000",0,0,664,"95,664"
323,2636,台驊投控        ,"95,768",0,0,-189,"95,579"
324,1463,強盛            ,"95,000",0,0,0,"95,000"
325,2305,全友            ,"95,000",0,0,-999,"94,001"
326,2506,太設            ,"88,000",0,0,"6,000","94,000"
327,2617,台航            ,"93,000",0,0,999,"93,999"
328,2236,百達-KY         ,"92,000",0,0,0,"92,000"
329,1720,生達            ,"62,000",0,0,"29,000","91,000"
330,8105,凌巨            ,"93,000",0,0,"-2,003","90,997"
331,1905,華紙            ,"35,000",0,0,"54,674","89,674"
332,6706,惠特            ,"88,000",0,0,0,"88,000"
333,1568,倉佑            ,"88,000",0,0,0,"88,000"
334,2480,敦陽科          ,"88,000",0,0,-350,"87,650"
335,2464,盟立            ,"87,000",0,0,138,"87,138"
336,2103,台橡            ,"85,000",0,0,"2,000","87,000"
337,6192,巨路            ,"-14,000",0,0,"101,000","87,000"
338,00681R,元大美債20反1   ,0,0,0,"85,000","85,000"
339,2302,麗正            ,"85,000",0,0,0,"85,000"
340,2493,揚博            ,"86,000",0,"-1,000",0,"85,000"
341,4536,拓凱            ,"85,000",0,0,0,"85,000"
342,3016,嘉晶            ,"93,000",0,0,"-8,013","84,987"
343,5522,遠雄            ,"68,000",0,0,"16,688","84,688"
344,6133,金橋            ,"84,000",0,0,0,"84,000"
345,2540,愛山林          ,"82,000",0,0,"1,000","83,000"
346,2836,高雄銀          ,"91,000",0,0,"-8,000","83,000"
347,1219,福壽            ,"81,000",0,0,"1,000","82,000"
348,00907,永豐優息存股    ,"27,000",0,0,"54,986","81,986"
349,2450,神腦            ,"81,000",0,0,369,"81,369"
350,4952,凌通            ,"85,000",0,0,"-3,923","81,077"
351,2637,慧洋-KY         ,"75,000",0,0,"6,000","81,000"
352,3027,盛達            ,"81,000",0,0,0,"81,000"
353,6753,龍德造船        ,"48,100",0,0,"32,797","80,897"
354,2906,高林            ,"78,000",0,0,"2,000","80,000"
355,3419,譁裕            ,"80,000",0,0,0,"80,000"
356,2474,可成            ,"-85,030",0,"42,565","122,384","79,919"
357,2206,三陽工業        ,"160,000",0,0,"-80,410","79,590"
358,1612,宏泰            ,"77,000",0,0,"1,000","78,000"
359,3592,瑞鼎            ,"163,000",0,"-90,000","5,000","78,000"
360,2460,建通            ,"78,000",0,0,0,"78,000"
361,1309,台達化          ,"77,000",0,0,745,"77,745"
362,1783,和康生          ,"77,800",0,0,-725,"77,075"
363,5215,科嘉-KY         ,"79,000",0,0,"-2,982","76,018"
364,01003T,兆豐新光R1      ,"76,000",0,0,0,"76,000"
365,2472,立隆電          ,"75,000",0,0,"-2,000","73,000"
366,5222,全訊            ,"79,000",0,0,"-6,000","73,000"
367,6128,上福            ,"73,000",0,0,0,"73,000"
368,6449,鈺邦            ,"73,000",0,0,0,"73,000"
369,6558,興能高          ,"72,030",0,0,-580,"71,450"
370,9942,茂順            ,"72,000",0,0,"-1,000","71,000"
371,3605,宏致            ,"71,000",0,0,0,"71,000"
372,9940,信義            ,"67,000",0,0,"1,053","68,053"
373,3308,聯德            ,"67,000",0,0,0,"67,000"
374,1528,恩德            ,"66,000",0,0,102,"66,102"
375,6579,研揚            ,"62,000",0,0,"4,056","66,056"
376,6283,淳安            ,"68,000",0,0,"-2,000","66,000"
377,2441,超豐            ,"65,000",0,"-6,472","6,931","65,459"
378,1752,南光            ,"65,000",0,0,0,"65,000"
379,8215,明基材          ,"34,000",0,0,"31,000","65,000"
380,2471,資通            ,"66,000",0,0,"-1,193","64,807"
381,3092,鴻碩            ,"64,000",0,0,0,"64,000"
382,1529,樂事綠能        ,"62,000",0,0,243,"62,243"
383,2364,倫飛            ,"61,000",0,0,0,"61,000"
384,6689,伊雲谷          ,"63,000",0,0,"-2,024","60,976"
385,1517,利奇            ,"61,000",0,0,-422,"60,578"
386,6691,洋基工程        ,"53,552",0,0,"6,741","60,293"
387,3296,勝德            ,"59,000",0,0,0,"59,000"
388,2443,昶虹            ,"59,000",0,0,0,"59,000"
389,4927,泰鼎-KY         ,"57,000",0,0,"1,985","58,985"
390,00917,中信特選金融    ,"4,000",0,0,"54,376","58,376"
391,00661,元大日經225     ,"-8,010",0,0,"66,332","58,322"
392,2486,一詮            ,"56,000",0,0,"2,322","58,322"
393,1734,杏輝            ,"57,000",0,0,"1,000","58,000"
394,4912,聯德控股-KY     ,"58,000",0,0,0,"58,000"
395,6201,亞弘電          ,"20,000",0,0,"37,000","57,000"
396,2038,海光            ,"57,000",0,0,0,"57,000"
397,2612,中航            ,"56,000",0,0,42,"56,042"
398,1701,中化            ,"50,000",0,0,"6,000","56,000"
399,4989,榮科            ,"57,000",0,0,"-1,000","56,000"
400,00730,富邦臺灣優質高息,"-44,000",0,0,"100,000","56,000"
401,2419,仲琦            ,"50,000",0,0,"5,998","55,998"
402,2427,三商電          ,"56,000",0,0,"-1,000","55,000"
403,5285,界霖            ,"55,000",0,0,0,"55,000"
404,3049,精金            ,"53,000",0,0,"1,882","54,882"
405,2328,廣宇            ,"3,000",0,0,"50,926","53,926"
406,6288,聯嘉            ,"53,000",0,0,-585,"52,415"
407,8222,寶一            ,"52,000",0,0,0,"52,000"
408,2413,環科            ,"52,000",0,0,0,"52,000"
409,2374,佳能            ,"50,000",0,0,"1,045","51,045"
410,3494,誠研            ,"51,000",0,0,0,"51,000"
411,6442,光聖            ,"51,000",0,0,-7,"50,993"
412,6226,光鼎            ,"52,000",0,0,"-2,000","50,000"
413,2545,皇翔            ,"49,000",0,0,"1,000","50,000"
414,1809,中釉            ,"50,000",0,0,0,"50,000"
415,6477,安集            ,"49,000",0,0,11,"49,011"
416,8070,長華*           ,"52,000",0,0,"-3,000","49,000"
417,2548,華固            ,"37,600",0,0,"11,000","48,600"
418,2010,春源            ,"47,000",0,0,"1,000","48,000"
419,6166,凌華            ,"41,000",0,0,"6,611","47,611"
420,1737,臺鹽            ,"46,000",0,0,0,"46,000"
421,00717,富邦美國特別股  ,"30,000",0,0,"15,000","45,000"
422,8039,台虹            ,"45,000",0,0,0,"45,000"
423,4916,事欣科          ,"45,000",0,0,0,"45,000"
424,8114,振樺電          ,"48,000",0,0,"-3,017","44,983"
425,3518,柏騰            ,"44,000",0,0,0,"44,000"
426,4552,力達-KY         ,"44,000",0,0,0,"44,000"
427,4968,立積            ,"-212,995",0,0,"256,586","43,591"
428,4306,炎洲            ,"42,000",0,0,"1,000","43,000"
429,8404,百和興業-KY     ,"36,000",0,0,"6,776","42,776"
430,9937,全國            ,"41,000",0,0,"1,000","42,000"
431,4935,茂林-KY         ,"45,000",0,0,"-3,000","42,000"
432,2536,宏普            ,"43,000",0,0,"-1,000","42,000"
433,3058,立德            ,"41,000",0,0,0,"41,000"
434,00657,國泰日經225     ,"90,000",0,0,"-49,122","40,878"
435,6196,帆宣            ,"-87,264",0,0,"127,735","40,471"
436,9910,豐泰            ,"58,792",0,"-20,000","1,621","40,413"
437,6756,威鋒電子        ,"33,000",0,0,"7,040","40,040"
438,00852L,國泰美國道瓊正2 ,0,0,0,"40,000","40,000"
439,2908,特力            ,"39,000",0,0,"1,000","40,000"
440,1459,聯發            ,"38,870",0,0,"1,000","39,870"
441,3416,融程電          ,"44,500",0,0,"-5,000","39,500"
442,2834,臺企銀          ,"44,410",0,0,"-5,000","39,410"
443,1537,廣隆            ,"39,000",0,0,0,"39,000"
444,9935,慶豐富          ,"36,000",0,0,"3,000","39,000"
445,6206,飛捷            ,"39,000",0,0,0,"39,000"
446,2527,宏璟            ,"37,000",0,0,"1,049","38,049"
447,8201,無敵            ,"38,000",0,0,0,"38,000"
448,1464,得力            ,"37,820",0,0,0,"37,820"
449,1231,聯華食          ,"37,501",0,0,-255,"37,246"
450,4566,時碩工業        ,"37,000",0,0,0,"37,000"
451,9925,新保            ,"36,000",0,0,"1,000","37,000"
452,6591,動力-KY         ,"37,000",0,0,0,"37,000"
453,8011,台通            ,"48,000",0,0,"-11,000","37,000"
454,3030,德律            ,"35,000",0,0,"1,124","36,124"
455,3563,牧德            ,"21,000",0,0,"14,442","35,442"
456,2028,威致            ,"35,000",0,0,0,"35,000"
457,5007,三星            ,"34,000",0,0,"1,000","35,000"
458,9908,大台北          ,"33,000",0,0,"1,000","34,000"
459,4155,訊映            ,"33,898",0,0,0,"33,898"
460,2108,南帝            ,"34,266",0,"-1,000",-5,"33,261"
461,00639,富邦深100       ,"-6,000",0,0,"39,074","33,074"
462,2102,泰豐            ,"32,000",0,0,"1,000","33,000"
463,1604,聲寶            ,"32,000",0,0,"1,000","33,000"
464,1457,宜進            ,"32,000",0,0,0,"32,000"
465,00861,元大全球未來通訊,"159,000",0,0,"-127,000","32,000"
466,00908,富邦入息REITs+  ,"223,000",0,0,"-191,096","31,904"
467,4999,鑫禾            ,"39,000",0,0,"-7,533","31,467"
468,4108,懷特            ,"29,000",0,0,"2,000","31,000"
469,2505,國揚            ,"30,000",0,0,"1,000","31,000"
470,1736,喬山            ,"28,634",0,0,"1,922","30,556"
471,4119,旭富            ,"36,044",0,0,"-5,491","30,553"
472,2514,龍邦            ,"30,000",0,0,338,"30,338"
473,3043,科風            ,"30,000",0,0,0,"30,000"
474,5515,建國            ,"30,000",0,0,0,"30,000"
475,8103,瀚荃            ,"22,000",0,0,"8,000","30,000"
476,8131,福懋科          ,"29,000",0,0,620,"29,620"
477,6781,AES-KY          ,"41,500",0,0,"-12,111","29,389"
478,3266,昇陽            ,"25,000",0,0,"4,000","29,000"
479,00634R,富邦上証反1     ,"-5,000",0,0,"33,993","28,993"
480,2015,豐興            ,"27,000",0,0,"1,728","28,728"
481,1539,巨庭            ,"28,000",0,0,0,"28,000"
482,2528,皇普            ,"27,000",0,0,"1,000","28,000"
483,8442,威宏-KY         ,"27,000",0,0,"1,000","28,000"
484,0053,元大電子        ,"3,000",0,0,"24,451","27,451"
485,9905,大華            ,"26,000",0,0,"1,000","27,000"
486,1217,愛之味          ,"26,000",0,0,"1,000","27,000"
487,00926,凱基全球菁英55  ,"-157,000",0,0,"183,762","26,762"
488,6416,瑞祺電通        ,"38,000",0,0,"-11,870","26,130"
489,2423,固緯            ,"25,000",0,0,"1,000","26,000"
490,2524,京城            ,"25,000",0,0,"1,000","26,000"
491,2881B,富邦金乙特      ,"-4,000",0,0,"30,000","26,000"
492,00875,國泰網路資安    ,"-119,000",0,0,"144,927","25,927"
493,2428,興勤            ,"17,000",0,0,"8,796","25,796"
494,2467,志聖            ,"24,227",0,0,933,"25,160"
495,2029,盛餘            ,"24,000",0,0,"1,000","25,000"
496,2227,裕日車          ,"24,000",0,0,"1,000","25,000"
497,2832,台產            ,"23,000",0,0,"2,000","25,000"
498,6224,聚鼎            ,"25,000",0,0,-263,"24,737"
499,9906,欣巴巴          ,"22,000",0,0,"2,000","24,000"
500,4551,智伸科          ,"27,000",0,0,"-3,081","23,919"
501,2616,山隆            ,"23,000",0,0,0,"23,000"
502,5244,弘凱            ,"27,000",0,0,"-4,000","23,000"
503,4540,全球傳動        ,"23,000",0,0,0,"23,000"
504,3501,維熹            ,"23,000",0,0,-17,"22,983"
505,6719,力智            ,"23,000",0,0,-305,"22,695"
506,6790,永豐實          ,"21,000",0,0,"1,000","22,000"
507,00693U,期街口S&P黃豆   ,"7,000",0,0,"15,000","22,000"
508,1437,勤益控          ,"22,000",0,0,0,"22,000"
509,2069,運錩            ,"22,000",0,0,0,"22,000"
510,6585,鼎基            ,"25,000",0,0,"-3,009","21,991"
511,2913,農林            ,"22,000",0,0,-819,"21,181"
512,6582,申豐            ,"22,000",0,0,-852,"21,148"
513,9943,好樂迪          ,"21,000",0,0,0,"21,000"
514,00865B,國泰US短期公債  ,"-1,000",0,0,"22,000","21,000"
515,02001L,富邦蘋果正二N   ,0,0,0,"21,000","21,000"
516,6184,大豐電          ,"21,000",0,0,0,"21,000"
517,910861,神州-DR         ,"21,000",0,0,0,"21,000"
518,2608,嘉里大榮        ,"20,000",0,0,"1,000","21,000"
519,2701,萬企            ,"15,000",0,0,"6,000","21,000"
520,2466,冠西電          ,"21,000",0,0,0,"21,000"
521,3535,晶彩科          ,"21,000",0,0,0,"21,000"
522,1203,味王            ,"24,000",0,0,"-3,000","21,000"
523,1472,三洋實業        ,"21,000",0,0,0,"21,000"
524,4164,承業醫          ,"20,000",0,0,3,"20,003"
525,4426,利勤            ,"20,000",0,0,0,"20,000"
526,3004,豐達科          ,"10,000",0,0,"10,000","20,000"
527,1540,喬福            ,"20,000",0,0,0,"20,000"
528,2241,艾姆勒          ,"4,000",0,0,"16,000","20,000"
529,2012,春雨            ,"19,000",0,0,"1,000","20,000"
530,00739,元大MSCI A股    ,"-1,000",0,0,"20,788","19,788"
531,00685L,群益臺灣加權正2 ,0,0,0,"19,455","19,455"
532,006205,富邦上証        ,"57,000",0,"-500,000","462,117","19,117"
533,020020,元大台股領航N   ,0,0,0,"19,000","19,000"
534,2415,錩新            ,"19,000",0,0,0,"19,000"
535,2929,淘帝-KY         ,"19,000",0,0,0,"19,000"
536,4137,麗豐-KY         ,"18,000",0,0,441,"18,441"
537,00689R,國泰20年美債反1 ,0,0,0,"18,000","18,000"
538,6552,易華電          ,"18,000",0,0,0,"18,000"
539,2032,新鋼            ,"18,000",0,0,0,"18,000"
540,8341,日友            ,"17,000",0,0,55,"17,055"
541,6861,睿生光電        ,"17,000",0,0,0,"17,000"
542,9911,櫻花            ,"16,000",0,0,"1,000","17,000"
543,4766,南寶            ,"22,000",0,0,"-5,000","17,000"
544,1220,台榮            ,"17,000",0,0,0,"17,000"
545,1445,大宇            ,"17,000",0,0,0,"17,000"
546,3447,展達            ,"17,000",0,0,0,"17,000"
547,1417,嘉裕            ,"16,000",0,0,0,"16,000"
548,8104,錸寶            ,"16,000",0,0,0,"16,000"
549,1786,科妍            ,"17,000",0,0,"-1,446","15,554"
550,8411,福貞-KY         ,"15,071",0,0,0,"15,071"
551,8478,東哥遊艇        ,"27,000",0,"-5,000","-6,986","15,014"
552,6668,中揚光          ,"15,000",0,0,0,"15,000"
553,1321,大洋            ,"13,000",0,0,"2,000","15,000"
554,1725,元禎            ,"15,000",0,0,0,"15,000"
555,1614,三洋電          ,"15,000",0,0,0,"15,000"
556,3705,永信            ,"34,000",0,0,"-19,000","15,000"
557,3015,全漢            ,"15,000",0,0,0,"15,000"
558,2910,統領            ,"14,000",0,0,"1,000","15,000"
559,1731,美吾華          ,"15,000",0,0,0,"15,000"
560,3617,碩天            ,"-58,250",0,0,"72,547","14,297"
561,8429,金麗-KY         ,"14,000",0,0,196,"14,196"
562,6606,建德工業        ,"14,000",0,0,0,"14,000"
563,3048,益登            ,"13,000",0,0,"1,000","14,000"
564,1726,永記            ,"14,000",0,0,0,"14,000"
565,1325,恆大            ,"14,000",0,0,0,"14,000"
566,2062,橋椿            ,"14,000",0,0,0,"14,000"
567,2430,燦坤            ,"14,000",0,0,0,"14,000"
568,2642,宅配通          ,"13,543",0,0,0,"13,543"
569,1435,中福            ,"13,000",0,0,0,"13,000"
570,1466,聚隆            ,"12,000",0,0,"1,000","13,000"
571,1617,榮星            ,"11,000",0,0,"2,000","13,000"
572,1806,冠軍            ,"13,000",0,0,0,"13,000"
573,020029,元大ESG高股息N  ,0,0,0,"13,000","13,000"
574,02001S,策元大加權策略N ,0,0,0,"13,000","13,000"
575,6024,群益期          ,"12,000",0,0,"1,000","13,000"
576,2613,中櫃            ,"13,000",0,0,-137,"12,863"
577,1626,艾美特-KY       ,"12,000",0,0,0,"12,000"
578,1521,大億            ,"12,000",0,0,0,"12,000"
579,1452,宏益            ,"12,000",0,0,0,"12,000"
580,6405,悅城            ,"11,000",0,0,"1,000","12,000"
581,6869,雲豹能源-創     ,"12,000",0,0,0,"12,000"
582,1443,立益物流        ,"12,000",0,0,0,"12,000"
583,6281,全國電          ,"12,000",0,0,-54,"11,946"
584,1906,寶隆            ,"11,000",0,0,656,"11,656"
585,1451,年興            ,"11,000",0,0,0,"11,000"
586,1616,億泰            ,"11,000",0,0,0,"11,000"
587,3652,精聯            ,"11,000",0,0,0,"11,000"
588,6525,捷敏-KY         ,"11,000",0,0,0,"11,000"
589,6854,錼創科技-KY創   ,"11,000",0,0,0,"11,000"
590,9918,欣天然          ,"11,000",0,0,0,"11,000"
591,6183,關貿            ,"10,000",0,0,928,"10,928"
592,8463,潤泰材          ,"11,000",0,0,"-1,000","10,000"
593,6743,安普新          ,"11,000",0,0,"-1,000","10,000"
594,00663L,國泰臺灣加權正2 ,0,0,0,"10,000","10,000"
595,2891B,中信金乙特      ,0,0,0,"10,000","10,000"
596,1468,昶和            ,"10,000",0,0,0,"10,000"
597,1416,廣豐            ,"10,000",0,0,0,"10,000"
598,1338,廣華-KY         ,"10,000",0,0,0,"10,000"
599,1225,福懋油          ,"10,000",0,0,0,"10,000"
600,1531,高林股          ,"10,000",0,0,0,"10,000"
601,2239,英利-KY         ,"-105,000",0,0,"114,997","9,997"
602,6115,鎰勝            ,"10,000",0,0,-4,"9,996"
603,1232,大統益          ,"10,000",0,0,-497,"9,503"
604,2345,智邦            ,"143,317",0,"2,000","-135,842","9,475"
605,2373,震旦行          ,"9,000",0,0,0,"9,000"
606,2114,鑫永銓          ,"9,000",0,0,0,"9,000"
607,2115,六暉-KY         ,"10,000",0,0,"-1,000","9,000"
608,1583,程泰            ,"9,000",0,0,0,"9,000"
609,2478,大毅            ,"10,000",0,0,"-1,000","9,000"
610,4581,光隆精密-KY     ,"9,000",0,0,0,"9,000"
611,1597,直得            ,"9,000",0,0,0,"9,000"
612,6657,華安            ,"9,000",0,0,0,"9,000"
613,9931,欣高            ,"9,000",0,0,0,"9,000"
614,2433,互盛電          ,"9,000",0,0,-100,"8,900"
615,6670,復盛應用        ,"-57,000",0,"-20,000","85,842","8,842"
616,1109,信大            ,"8,000",0,0,823,"8,823"
617,1235,興泰            ,"8,000",0,0,0,"8,000"
618,1236,宏亞            ,"8,000",0,0,0,"8,000"
619,1530,亞崴            ,"8,000",0,0,0,"8,000"
620,1506,正道            ,"9,000",0,0,"-1,000","8,000"
621,2013,中鋼構          ,"9,000",0,0,"-1,000","8,000"
622,3528,安馳            ,"8,000",0,0,0,"8,000"
623,6776,展碁國際        ,"8,000",0,0,0,"8,000"
624,9944,新麗            ,"8,000",0,0,0,"8,000"
625,8476,台境            ,"8,000",0,0,0,"8,000"
626,4722,國精化          ,"8,000",0,0,0,"8,000"
627,6464,台數科          ,"8,000",0,0,0,"8,000"
628,1323,永裕            ,"8,000",0,0,0,"8,000"
629,3026,禾伸堂          ,"7,000",0,0,897,"7,897"
630,2945,三商家購        ,"7,000",0,0,0,"7,000"
631,1233,天仁            ,"7,000",0,0,0,"7,000"
632,4764,雙鍵            ,"7,000",0,0,0,"7,000"
633,6754,匯僑設計        ,"7,000",0,0,0,"7,000"
634,2477,美隆電          ,"7,000",0,0,0,"7,000"
635,4414,如興            ,"7,000",0,0,0,"7,000"
636,2397,友通            ,"10,000",0,"-1,000","-2,000","7,000"
637,1110,東泥            ,"27,000",0,0,"-20,000","7,000"
638,1418,東華            ,"7,000",0,0,0,"7,000"
639,1535,中宇            ,"7,000",0,0,-1,"6,999"
640,00910,第一金太空衛星  ,0,0,0,"6,036","6,036"
641,01004T,土銀富邦R2      ,"6,000",0,0,0,"6,000"
642,020032,元大綠能N       ,0,0,0,"6,000","6,000"
643,9929,秋雨            ,"6,000",0,0,0,"6,000"
644,1414,東和            ,"6,000",0,0,0,"6,000"
645,6658,聯策            ,"6,000",0,0,0,"6,000"
646,6834,天二科技        ,"7,000",0,0,"-1,000","6,000"
647,9926,新海            ,"6,000",0,0,0,"6,000"
648,8940,新天地          ,"18,000",0,0,"-12,000","6,000"
649,4720,德淵            ,"-34,000",0,0,"40,000","6,000"
650,6164,華興            ,"6,000",0,0,0,"6,000"
651,2024,志聯            ,"6,000",0,0,0,"6,000"
652,2342,茂矽            ,"7,000",0,0,"-1,000","6,000"
653,2483,百容            ,"6,000",0,0,0,"6,000"
654,00653L,富邦印度正2     ,"-19,000",0,0,"24,809","5,809"
655,2414,精技            ,"6,000",0,0,-987,"5,013"
656,1527,鑽全            ,"5,000",0,0,0,"5,000"
657,1441,大東            ,"5,000",0,0,0,"5,000"
658,1454,台富            ,"7,000",0,0,"-2,000","5,000"
659,3024,憶聲            ,"8,000",0,0,"-3,000","5,000"
660,3164,景岳            ,"6,000",0,0,"-1,000","5,000"
661,4576,大銀微系統      ,"6,000",0,0,"-1,000","5,000"
662,4560,強信-KY         ,"5,000",0,0,0,"5,000"
663,020038,元大ESG配息N    ,0,0,0,"5,000","5,000"
664,1315,達新            ,"5,000",0,0,0,"5,000"
665,6581,鋼聯            ,"5,000",0,0,0,"5,000"
666,1341,富林-KY         ,"5,000",0,0,0,"5,000"
667,020037,元大金融高股息N ,0,0,0,"5,000","5,000"
668,6504,南六            ,"5,000",0,0,0,"5,000"
669,6655,科定            ,"5,000",0,0,0,"5,000"
670,5538,東明-KY         ,"5,000",0,0,0,"5,000"
671,8466,美吉吉-KY       ,"5,000",0,0,0,"5,000"
672,8367,建新國際        ,"5,000",0,0,0,"5,000"
673,8374,羅昇            ,"5,000",0,0,0,"5,000"
674,5608,四維航          ,"2,769",0,0,"2,000","4,769"
675,4106,雃博            ,"6,000",0,0,"-1,238","4,762"
676,00635U,期元大S&P黃金   ,"4,000",0,0,292,"4,292"
677,4755,三福化          ,"4,000",0,0,0,"4,000"
678,6835,圓裕            ,"5,000",0,0,"-1,000","4,000"
679,6768,志強-KY         ,"4,000",0,0,0,"4,000"
680,6671,三能-KY         ,"4,000",0,0,0,"4,000"
681,8481,政伸            ,"4,000",0,0,0,"4,000"
682,8482,商億-KY         ,"4,000",0,0,0,"4,000"
683,9110,越南控-DR       ,"4,000",0,0,0,"4,000"
684,4555,氣立            ,"4,000",0,0,0,"4,000"
685,4569,六方科-KY       ,"4,000",0,0,0,"4,000"
686,4571,鈞興-KY         ,"4,000",0,0,0,"4,000"
687,3686,達能            ,"-3,000",0,0,"7,000","4,000"
688,2491,吉祥全          ,"4,000",0,0,0,"4,000"
689,2611,志信            ,"4,000",0,0,0,"4,000"
690,2939,凱羿-KY         ,"4,000",0,0,0,"4,000"
691,1439,雋揚            ,"6,000",0,0,"-2,000","4,000"
692,1423,利華            ,"7,000",0,0,"-3,000","4,000"
693,1410,南染            ,"4,000",0,0,0,"4,000"
694,1101B,台泥乙特        ,0,0,0,"4,000","4,000"
695,1730,花仙子          ,"4,000",0,0,0,"4,000"
696,2348,海悅            ,"4,000",0,0,-1,"3,999"
697,1615,大山            ,"3,900",0,0,-500,"3,400"
698,1340,勝悅-KY         ,"10,000",0,0,"-6,844","3,156"
699,1436,華友聯          ,"3,000",0,0,0,"3,000"
700,1587,吉茂            ,"3,000",0,0,0,"3,000"
701,4545,銘鈺            ,"3,000",0,0,0,"3,000"
702,4133,亞諾法          ,"3,000",0,0,0,"3,000"
703,4438,廣越            ,"3,000",0,0,0,"3,000"
704,8499,鼎炫-KY         ,"3,000",0,0,0,"3,000"
705,9928,中視            ,0,0,0,"3,000","3,000"
706,6666,羅麗芬-KY       ,"3,000",0,0,0,"3,000"
707,8072,陞泰            ,"3,000",0,0,0,"3,000"
708,2432,倚天酷碁-創     ,"3,000",0,0,0,"3,000"
709,0057,富邦摩台        ,0,0,0,"3,000","3,000"
710,5288,豐祥-KY         ,"3,000",0,0,-1,"2,999"
711,6715,嘉基            ,"3,000",0,0,-8,"2,992"
712,00737,國泰AI+Robo     ,"19,000",0,0,"-16,141","2,859"
713,1773,勝一            ,"6,693",0,0,"-3,892","2,801"
714,00703,台新MSCI中國    ,0,0,0,"2,762","2,762"
715,8249,菱光            ,"3,000",0,0,-404,"2,596"
716,5907,大洋-KY         ,"2,000",0,0,0,"2,000"
717,4737,華廣            ,"2,000",0,0,0,"2,000"
718,5906,台南-KY         ,"2,000",0,0,0,"2,000"
719,1541,錩泰            ,"2,000",0,0,0,"2,000"
720,1526,日馳            ,"2,000",0,0,0,"2,000"
721,1256,鮮活果汁-KY     ,"2,000",0,0,0,"2,000"
722,2901,欣欣            ,"4,000",0,0,"-2,000","2,000"
723,2882A,國泰特          ,0,0,0,"2,000","2,000"
724,2882B,國泰金乙特      ,"-1,000",0,0,"3,000","2,000"
725,2881A,富邦特          ,"2,000",0,0,0,"2,000"
726,4190,佐登-KY         ,"2,000",0,0,-1,"1,999"
727,00909,國泰數位支付服務,"-105,000",0,0,"106,996","1,996"
728,00783,富邦中証500     ,0,0,0,"1,976","1,976"
729,3679,新至陞          ,"2,000",0,0,-67,"1,933"
730,1817,凱撒衛          ,"2,000",0,0,-79,"1,921"
731,006204,永豐臺灣加權    ,"21,000",0,0,"-19,274","1,726"
732,00896,中信綠能及電動車,"7,680",0,0,"-6,499","1,181"
733,01010T,京城樂富R1      ,"1,000",0,0,0,"1,000"
734,020002,元富新中國N     ,0,0,0,"1,000","1,000"
735,006203,元大MSCI台灣    ,0,0,0,"1,000","1,000"
736,020036,元大金融配息N   ,0,0,0,"1,000","1,000"
737,020019,統一特選台灣5GN ,0,0,0,"1,000","1,000"
738,6796,晉弘            ,"1,000",0,0,0,"1,000"
739,9930,中聯資源        ,0,0,0,"1,000","1,000"
740,2008,高興昌          ,"1,000",0,0,0,"1,000"
741,2424,隴華            ,0,0,0,"1,000","1,000"
742,1108,幸福            ,0,0,0,"1,000","1,000"
743,4440,宜新實業        ,"1,000",0,0,0,"1,000"
744,3040,遠見            ,"1,000",0,0,0,"1,000"
745,2888B,新光金乙特      ,"1,000",0,0,0,"1,000"
746,2440,太空梭          ,0,0,0,"1,000","1,000"
747,3167,大量            ,970,0,0,-711,259
748,1453,大將            ,170,0,0,0,170
749,00899,FT潔淨能源      ,0,0,0,85,85
750,1538,正峰            ,0,0,0,2,2
751,2429,銘旺科          ,0,0,0,0,0
752,2254,巨鎧精密-創     ,0,0,0,0,0
753,00770,國泰北美科技    ,"-4,000",0,0,"4,000",0
754,00735,國泰臺韓科技    ,"-40,000",0,0,"40,000",0
755,5283,禾聯碩          ,0,0,0,0,0
756,6136,富爾特          ,0,0,0,0,0
757,6141,柏承            ,0,0,0,0,0
758,6592B,和潤企業乙特    ,-32,0,0,0,-32
759,6230,尼得科超眾      ,"-2,000",0,0,"1,789",-211
760,3311,閎暉            ,"-1,000",0,0,624,-376
761,4562,穎漢            ,"-1,000",0,0,0,"-1,000"
762,2904,匯僑            ,"-1,000",0,0,0,"-1,000"
763,2109,華豐            ,"-1,000",0,0,0,"-1,000"
764,2434,統懋            ,"-1,000",0,0,0,"-1,000"
765,1475,業旺            ,"-1,000",0,0,0,"-1,000"
766,1735,日勝化          ,"-1,000",0,0,0,"-1,000"
767,1465,偉全            ,"-1,000",0,0,0,"-1,000"
768,1438,三地開發        ,"-1,000",0,0,0,"-1,000"
769,6152,百一            ,"-1,000",0,0,0,"-1,000"
770,6431,光麗-KY         ,"-1,000",0,0,0,"-1,000"
771,00684R,期元大美元指反1 ,0,0,0,"-1,000","-1,000"
772,8488,吉源-KY         ,"-1,000",0,0,0,"-1,000"
773,8443,阿瘦            ,"-1,000",0,0,0,"-1,000"
774,912000,晨訊科-DR       ,"-1,000",0,0,0,"-1,000"
775,6873,泓德能源-創     ,"-1,000",0,0,0,"-1,000"
776,00736,國泰新興市場    ,0,0,0,"-1,000","-1,000"
777,00775B,新光投等債15+   ,"-1,000",0,0,0,"-1,000"
778,020018,統一價值成長30N ,0,0,0,"-1,000","-1,000"
779,3437,榮創            ,"-1,000",0,0,0,"-1,000"
780,6863,永道-KY         ,"8,000",0,"-10,000",936,"-1,064"
781,00911,兆豐洲際半導體  ,0,0,0,"-1,167","-1,167"
782,00920,富邦ESG綠色電力 ,"2,000",0,0,"-3,353","-1,353"
783,3622,洋華            ,"-2,000",0,0,420,"-1,580"
784,020012,富邦行動通訊N   ,0,0,0,"-2,000","-2,000"
785,6598,ABC-KY          ,"-2,000",0,0,0,"-2,000"
786,9902,台火            ,"-2,000",0,0,0,"-2,000"
787,1337,再生-KY         ,"-2,000",0,0,-909,"-2,909"
788,1903,士紙            ,"-3,000",0,0,54,"-2,946"
789,00643,群益深証中小    ,0,0,0,"-2,980","-2,980"
790,1516,川飛            ,"-3,000",0,0,0,"-3,000"
791,9136,巨騰-DR         ,"-3,000",0,0,0,"-3,000"
792,6902,走著瞧-創       ,"2,000",0,0,"-5,000","-3,000"
793,2033,佳大            ,"-7,000",0,0,"4,000","-3,000"
794,1456,怡華            ,"-2,000",0,0,"-1,000","-3,000"
795,1522A,堤維西甲特      ,0,0,0,"-3,000","-3,000"
796,1474,弘裕            ,"-3,000",0,0,0,"-3,000"
797,3557,嘉威            ,"-3,000",0,0,0,"-3,000"
798,4557,永新-KY         ,"-3,000",0,0,0,"-3,000"
799,00647L,元大S&P500正2   ,0,0,0,"-3,055","-3,055"
800,2107,厚生            ,"-4,300",0,0,"1,000","-3,300"
801,3550,聯穎            ,"-2,000",0,0,"-1,685","-3,685"
802,2009,第一銅          ,"-5,000",0,0,"1,307","-3,693"
803,1805,寶徠            ,"-2,000",0,0,"-2,000","-4,000"
804,2431,聯昌            ,"-4,000",0,0,0,"-4,000"
805,3593,力銘            ,"-4,000",0,0,0,"-4,000"
806,2534,宏盛            ,"-4,000",0,0,0,"-4,000"
807,2496,卓越            ,"-4,000",0,0,0,"-4,000"
808,01002T,土銀國泰R1      ,"-4,000",0,0,0,"-4,000"
809,00656R,國泰中國A50反1  ,0,0,0,"-4,000","-4,000"
810,00660,元大歐洲50      ,0,0,0,"-4,000","-4,000"
811,00714,群益道瓊美國地產,"-6,000",0,0,"2,000","-4,000"
812,9912,偉聯            ,"-5,000",0,0,"1,000","-4,000"
813,6782,視陽            ,"-6,000",0,"-45,000","46,462","-4,538"
814,2420,新巨            ,"-5,000",0,0,423,"-4,577"
815,3031,佰鴻            ,"-2,000",0,0,"-2,999","-4,999"
816,2250,IKKA-KY         ,"-6,000",0,0,"1,000","-5,000"
817,8462,柏文            ,"-5,000",0,0,0,"-5,000"
818,9955,佳龍            ,"-5,000",0,0,0,"-5,000"
819,6205,詮欣            ,"-5,000",0,0,0,"-5,000"
820,5525,順天            ,"-6,000",0,0,"1,000","-5,000"
821,2704,國賓            ,"-6,000",0,0,"1,000","-5,000"
822,3432,台端            ,"-5,000",0,0,0,"-5,000"
823,3321,同泰            ,"-2,000",0,0,"-4,000","-6,000"
824,2509,全坤建          ,"-6,000",0,0,0,"-6,000"
825,1215,卜蜂            ,"-7,000",0,0,"1,000","-6,000"
826,00682U,期元大美元指數  ,0,0,0,"-6,000","-6,000"
827,6698,旭暉應材        ,"-5,000",0,0,"-1,000","-6,000"
828,02001R,富邦蘋果反一N   ,0,0,0,"-6,000","-6,000"
829,3057,喬鼎            ,"-6,000",0,0,0,"-6,000"
830,6573,虹揚-KY         ,"-1,000",0,0,"-5,000","-6,000"
831,1446,宏和            ,"-7,000",0,0,"1,000","-6,000"
832,1419,新紡            ,"-5,000",0,0,"-1,004","-6,004"
833,1712,興農            ,"-2,200",0,0,"-4,000","-6,200"
834,00645,富邦日本        ,"-2,000",0,0,"-4,227","-6,227"
835,3090,日電貿          ,"-9,000",0,0,"2,212","-6,788"
836,00652,富邦印度        ,"-9,000",0,0,"2,073","-6,927"
837,2228,劍麟            ,"-7,000",0,0,0,"-7,000"
838,00771,元大US高息特別股,0,0,0,"-7,270","-7,270"
839,3257,虹冠電          ,"-8,000",0,0,0,"-8,000"
840,3021,鴻名            ,"-7,000",0,0,"-1,000","-8,000"
841,4439,冠星-KY         ,"-8,000",0,0,0,"-8,000"
842,5234,達興材料        ,"-9,000",0,0,974,"-8,026"
843,00711B,復華彭博新興債  ,"-3,000",0,0,"-5,070","-8,070"
844,6409,旭隼            ,"6,192",0,"-14,512",-34,"-8,354"
845,0051,元大中型100     ,"1,999",0,0,"-10,591","-8,592"
846,0061,元大寶滬深      ,"4,000",0,0,"-12,598","-8,598"
847,5484,慧友            ,"-7,000",0,0,"-2,000","-9,000"
848,00851,台新全球AI      ,0,0,0,"-10,000","-10,000"
849,3130,一零四          ,"-8,999",0,0,"-2,000","-10,999"
850,910322,康師傅-DR       ,"-11,000",0,0,0,"-11,000"
851,1234,黑松            ,"-12,000",0,0,"1,000","-11,000"
852,2597,潤弘            ,"26,631",0,0,"-38,189","-11,558"
853,00686R,群益臺灣加權反1 ,0,0,0,"-12,000","-12,000"
854,2712,遠雄來          ,"-11,000",0,0,"-1,000","-12,000"
855,2850,新產            ,"-11,000",0,0,"-1,000","-12,000"
856,2911,麗嬰房          ,"-10,000",0,0,"-2,000","-12,000"
857,1733,五鼎            ,"-13,000",0,0,0,"-13,000"
858,00678,群益那斯達克生技,0,0,0,"-13,000","-13,000"
859,6792,詠業            ,"-13,000",0,0,0,"-13,000"
860,020031,統一IC設計臺灣N ,0,0,0,"-13,000","-13,000"
861,2231,為升            ,"-9,000",0,0,"-4,187","-13,187"
862,2546,根基            ,"-12,000",0,0,"-2,214","-14,214"
863,00925,新光標普電動車  ,0,0,0,"-14,585","-14,585"
864,6438,迅得            ,"2,103",0,0,"-17,000","-14,897"
865,6155,鈞寶            ,"-13,000",0,0,"-2,000","-15,000"
866,4956,光鋐            ,"-15,000",0,0,0,"-15,000"
867,6412,群電            ,"-114,000",0,"81,000","17,983","-15,017"
868,3653,健策            ,"-79,000",0,"13,000","50,013","-15,987"
869,4526,東台            ,"-16,000",0,0,0,"-16,000"
870,1558,伸興            ,"-17,000",0,0,0,"-17,000"
871,3036A,文曄甲特        ,"-17,000",0,0,0,"-17,000"
872,3052,夆典            ,"-17,000",0,0,0,"-17,000"
873,5546,永固-KY         ,"11,000",0,0,"-29,000","-18,000"
874,8473,山林水          ,"29,000",0,0,"-47,000","-18,000"
875,3543,州巧            ,"-17,000",0,0,"-1,000","-18,000"
876,6592,和潤企業        ,"-18,600",0,0,570,"-18,030"
877,2207,和泰車          ,"-25,610",0,"4,000","2,999","-18,611"
878,1713,國化            ,"-20,000",0,0,"1,000","-19,000"
879,4942,嘉彰            ,"-19,000",0,0,"-1,000","-20,000"
880,2380,虹光            ,"-20,603",0,0,0,"-20,603"
881,8454,富邦媒          ,"-4,044",0,"-11,000","-5,809","-20,853"
882,1732,毛寶            ,"-21,000",0,0,0,"-21,000"
883,2852,第一保          ,"-23,000",0,0,"2,000","-21,000"
884,2459,敦吉            ,"-22,000",0,0,-17,"-22,017"
885,2059,川湖            ,"93,000",0,"-139,000","23,441","-22,559"
886,3002,歐格            ,"-22,000",0,0,"-1,000","-23,000"
887,6277,宏正            ,"-20,000",0,0,"-3,053","-23,053"
888,8422,可寧衛          ,"-23,370",0,0,-34,"-23,404"
889,2247,汎德永業        ,"-6,000",0,"-18,000",0,"-24,000"
890,2453,凌群            ,"-22,000",0,0,"-3,264","-25,264"
891,00666R,富邦恒生國企反1 ,0,0,0,"-26,000","-26,000"
892,3037,欣興            ,"-1,951,382",0,"1,885,500","39,291","-26,591"
893,00638R,元大滬深300反1  ,0,0,0,"-27,000","-27,000"
894,6526,達發            ,"-32,000",0,"5,000",0,"-27,000"
895,6672,騰輝電子-KY     ,"-28,000",0,0,0,"-28,000"
896,6120,達運            ,"-30,000",0,0,"1,149","-28,851"
897,2444,兆勁            ,"-29,000",0,0,0,"-29,000"
898,2912,統一超          ,"-31,055",0,0,"1,848","-29,207"
899,4104,佳醫            ,"-30,065",0,0,426,"-29,639"
900,00641R,富邦日本反1     ,0,0,0,"-31,003","-31,003"
901,6415,矽力*-KY        ,"7,710",0,"46,255","-86,225","-32,260"
902,2535,達欣工          ,"-87,600",0,0,"55,000","-32,600"
903,9914,美利達          ,"-39,000",0,0,"6,211","-32,789"
904,1589,永冠-KY         ,"-33,000",0,0,-44,"-33,044"
905,00675L,富邦臺灣加權正2 ,"30,000",0,0,"-63,146","-33,146"
906,00916,國泰全球品牌50  ,"-264,000",0,0,"230,428","-33,572"
907,6215,和椿            ,"-34,000",0,0,0,"-34,000"
908,1707,葡萄王          ,"-33,000",0,"-1,000","-2,730","-36,730"
909,1101,台泥            ,"-165,272",0,0,"127,000","-38,272"
910,5306,桂盟            ,"-227,000",0,0,"188,000","-39,000"
911,00668,國泰美國道瓊    ,"-40,000",0,0,-183,"-40,183"
912,5469,瀚宇博          ,"-373,557",0,"247,000","85,379","-41,178"
913,1702,南僑            ,"-42,000",0,0,809,"-41,191"
914,6165,浪凡            ,"-42,000",0,0,0,"-42,000"
915,4930,燦星網          ,"-44,000",0,0,"2,000","-42,000"
916,3050,鈺德            ,"-43,000",0,0,0,"-43,000"
917,4583,台灣精銳        ,"32,000",0,0,"-75,000","-43,000"
918,9934,成霖            ,"-45,000",0,0,"1,000","-44,000"
919,5534,長虹            ,"-38,000",0,0,"-7,000","-45,000"
920,4148,全宇生技-KY     ,"-45,000",0,0,0,"-45,000"
921,4994,傳奇            ,"-46,000",0,0,0,"-46,000"
922,020039,元大加權N       ,0,0,0,"-47,000","-47,000"
923,5533,皇鼎            ,"-48,000",0,0,"-1,000","-49,000"
924,3504,揚明光          ,"-57,000",0,0,"8,000","-49,000"
925,6625,必應            ,"-50,000",0,0,0,"-50,000"
926,1525,江申            ,"-50,000",0,0,-111,"-50,111"
927,1473,台南            ,"-53,000",0,0,2,"-52,998"
928,00674R,期元大S&P黃金反1,0,0,0,"-53,000","-53,000"
929,6209,今國光          ,"-51,000",0,0,"-2,000","-53,000"
930,6189,豐藝            ,"-61,000",0,0,"7,148","-53,852"
931,2702,華園            ,"-51,000",0,0,"-3,000","-54,000"
932,2243,宏旭-KY         ,"-52,000",0,0,"-2,000","-54,000"
933,1308,亞聚            ,"-43,000",0,"-12,495","1,000","-54,495"
934,3661,世芯-KY         ,"-44,209",0,"-11,518",783,"-54,944"
935,5269,祥碩            ,"240,705",0,"-293,382","-3,531","-56,208"
936,2722,夏都            ,"45,960",0,0,"-104,258","-58,298"
937,2497,怡利電          ,"-59,966",0,0,0,"-59,966"
938,2468,華經            ,"-62,000",0,0,"2,000","-60,000"
939,6239,力成            ,"-482,000",0,"344,130","76,690","-61,180"
940,00762,元大全球AI      ,"-1,000",0,0,"-60,194","-61,194"
941,5471,松翰            ,"-58,000",0,0,"-4,699","-62,699"
942,2883B,開發金乙特      ,"-51,000",0,0,"-14,000","-65,000"
943,2404,漢唐            ,"-199,085",0,"78,000","55,613","-65,472"
944,6807,峰源-KY         ,"-10,000",0,0,"-57,000","-67,000"
945,8033,雷虎            ,"-68,000",0,0,69,"-67,931"
946,00700,富邦恒生國企    ,"29,000",0,0,"-97,856","-68,856"
947,3356,奇偶            ,"-70,000",0,0,171,"-69,829"
948,6108,競國            ,"-68,000",0,0,"-3,227","-71,227"
949,3454,晶睿            ,"-113,000",0,"-5,000","45,477","-72,523"
950,3011,今皓            ,"-74,000",0,0,0,"-74,000"
951,2753,八方雲集        ,"-71,000",0,0,"-3,070","-74,070"
952,3530,晶相光          ,"-75,000",0,0,825,"-74,175"
953,1432,大魯閣          ,"-79,000",0,0,0,"-79,000"
954,1590,亞德客-KY       ,"-75,709",0,"-5,069","-1,948","-82,726"
955,2601,益航            ,"-86,000",0,0,"2,000","-84,000"
956,5203,訊連            ,"-93,000",0,0,"9,000","-84,000"
957,4572,駐龍            ,"-44,234",0,0,"-41,000","-85,234"
958,3665,貿聯-KY         ,"-85,801",0,0,497,"-85,304"
959,1722,台肥            ,"-87,000",0,"-3,000","4,303","-85,697"
960,3607,谷崧            ,"-86,000",0,0,0,"-86,000"
961,00731,復華富時高息低波,"-64,000",0,0,"-22,877","-86,877"
962,1312,國喬            ,"-97,000",0,0,"9,237","-87,763"
963,6214,精誠            ,"-94,000",0,0,"2,743","-91,257"
964,1560,中砂            ,"384,000",0,"-424,000","-52,659","-92,659"
965,6426,統新            ,"-93,000",0,0,0,"-93,000"
966,2379,瑞昱            ,"-210,489",0,"154,562","-39,534","-95,461"
967,6531,愛普*           ,"-40,000",0,"5,000","-63,006","-98,006"
968,6515,穎崴            ,"-60,000",0,0,"-38,225","-98,225"
969,2538,基泰            ,"-104,000",0,0,"3,000","-101,000"
970,5243,乙盛-KY         ,"-102,000",0,0,14,"-101,986"
971,1477,聚陽            ,"75,180",0,"-190,000","12,600","-102,220"
972,6216,居易            ,"-104,000",0,0,249,"-103,751"
973,1476,儒鴻            ,"51,247",0,"-148,723","-7,900","-105,376"
974,3045,台灣大          ,"-162,872",0,"-46,117","102,819","-106,170"
975,2855,統一證          ,"-108,000",0,0,0,"-108,000"
976,4934,太極            ,"-108,000",0,0,-799,"-108,799"
977,8210,勤誠            ,"-59,000",0,0,"-49,952","-108,952"
978,1762,中化生          ,"-112,000",0,0,929,"-111,071"
979,5519,隆大            ,"-112,000",0,0,0,"-112,000"
980,1442,名軒            ,"-111,000",0,0,"-1,057","-112,057"
981,00636,國泰中國A50     ,"107,000",0,0,"-222,886","-115,886"
982,1718,中纖            ,"-129,000",0,0,"11,000","-118,000"
983,00924,復華S&P500成長  ,"-786,000",0,0,"667,260","-118,740"
984,6933,AMAX-KY         ,"-103,000",0,0,"-18,000","-121,000"
985,1723,中碳            ,"-123,000",0,0,0,"-123,000"
986,020034,元大IC設計N     ,0,0,0,"-124,000","-124,000"
987,9105,泰金寶-DR       ,"-128,000",0,0,0,"-128,000"
988,0055,元大MSCI金融    ,"-18,591",0,0,"-115,253","-133,844"
989,1339,昭輝            ,"-137,000",0,0,"1,694","-135,306"
990,6789,采鈺            ,"-166,000",0,0,"26,247","-139,753"
991,2484,希華            ,"-139,000",0,0,"-1,970","-140,970"
992,4976,佳凌            ,"-143,000",0,0,207,"-142,793"
993,3533,嘉澤            ,"-8,582",0,"-144,331","5,947","-146,966"
994,6541,泰福-KY         ,-3,0,0,"-149,000","-149,003"
995,2308,台達電          ,"-164,062",0,"2,611","11,004","-150,447"
996,3046,建碁            ,"-154,000",0,0,735,"-153,265"
997,6451,訊芯-KY         ,"-193,000",0,0,"38,613","-154,387"
998,00646,元大S&P500      ,"-15,886",0,0,"-141,050","-156,936"
999,00640L,富邦日本正2     ,"15,000",0,0,"-174,418","-159,418"
1000,3703,欣陸            ,"-130,000",0,"-10,924","-18,534","-159,458"
1001,6799,來頡            ,"-161,000",0,0,"-3,988","-164,988"
1002,6269,台郡            ,"-180,428",0,"-2,381","13,441","-169,368"
1003,2387,精元            ,"-102,000",0,0,"-70,750","-172,750"
1004,3515,華擎            ,"-172,000",0,0,"-2,255","-174,255"
1005,3023,信邦            ,"-180,880",0,"1,000","3,470","-176,410"
1006,1503,士電            ,"-151,558",0,0,"-26,442","-178,000"
1007,4919,新唐            ,"-325,000",0,"103,000","39,139","-182,861"
1008,3583,辛耘            ,"-138,000",0,0,"-45,576","-183,576"
1009,3704,合勤控          ,"-211,027",0,0,"25,464","-185,563"
1010,2006,東和鋼鐵        ,"-176,000",0,0,"-9,723","-185,723"
1011,3346,麗清            ,"-189,000",0,0,"1,000","-188,000"
1012,3047,訊舟            ,"-188,000",0,0,0,"-188,000"
1013,8016,矽創            ,"-122,000",0,"-25,102","-44,670","-191,772"
1014,2395,研華            ,"-213,711",0,"2,328","19,565","-191,818"
1015,2482,連宇            ,"-219,000",0,0,"23,834","-195,166"
1016,2455,全新            ,"-190,000",0,"-66,000","54,169","-201,831"
1017,8926,台汽電          ,"-203,568",0,0,562,"-203,006"
1018,2358,廷鑫            ,"-208,000",0,0,"1,000","-207,000"
1019,2739,寒舍            ,"-214,000",0,0,0,"-214,000"
1020,6533,晶心科          ,"-448,010",0,"240,000","-14,306","-222,316"
1021,1324,地球            ,"-127,000",0,0,"-104,000","-231,000"
1022,6830,汎銓            ,"-203,000",0,"-10,000","-18,122","-231,122"
1023,9941,裕融            ,"-196,597",0,"2,132","-37,664","-232,129"
1024,1598,岱宇            ,"-231,000",0,0,"-1,556","-232,556"
1025,1618,合機            ,"-233,000",0,0,30,"-232,970"
1026,2390,云辰            ,"-232,000",0,0,"-1,000","-233,000"
1027,2393,億光            ,"-262,000",0,0,"13,327","-248,673"
1028,2838,聯邦銀          ,"-242,000",0,0,"-7,684","-249,684"
1029,2816,旺旺保          ,"-252,000",0,0,"1,099","-250,901"
1030,00913,兆豐台灣晶圓製造,"21,000",0,0,"-273,159","-252,159"
1031,2504,國產            ,"-263,000",0,0,"2,000","-261,000"
1032,3694,海華            ,"-262,000",0,0,0,"-262,000"
1033,2809,京城銀          ,"-20,000",0,0,"-261,854","-281,854"
1034,00670L,富邦NASDAQ正2   ,"-32,000",0,0,"-252,871","-284,871"
1035,2421,建準            ,"64,200",0,"-575,000","218,153","-292,647"
1036,00654R,富邦印度反1     ,0,0,0,"-295,004","-295,004"
1037,6806,森崴能源        ,"-273,000",0,0,"-25,865","-298,865"
1038,1603,華電            ,"-299,000",0,0,0,"-299,000"
1039,00671R,富邦NASDAQ反1   ,"48,000",0,0,"-354,358","-306,358"
1040,5531,鄉林            ,"-313,000",0,0,0,"-313,000"
1041,3014,聯陽            ,"-324,000",0,0,"5,884","-318,116"
1042,2354,鴻準            ,"-400,010",0,0,"81,142","-318,868"
1043,1316,上曜            ,"-320,000",0,0,0,"-320,000"
1044,6191,精成科          ,"-464,000",0,"329,000","-188,791","-323,791"
1045,3708,上緯投控        ,"-320,000",0,0,"-8,000","-328,000"
1046,2707,晶華            ,"-409,000",0,"165,000","-85,646","-329,646"
1047,2903,遠百            ,"-264,000",0,0,"-68,244","-332,244"
1048,6142,友勁            ,"-337,000",0,0,0,"-337,000"
1049,3443,創意            ,"-266,720",0,"-79,000","-5,691","-351,411"
1050,3532,台勝科          ,"-360,000",0,"-2,000","6,259","-355,741"
1051,00651R,復華香港反1     ,0,0,0,"-360,243","-360,243"
1052,6456,GIS-KY          ,"-381,000",0,"-1,000","17,585","-364,415"
1053,9921,巨大            ,"-377,733",0,"-5,000","15,086","-367,647"
1054,00904,新光臺灣半導體30,"-86,000",0,0,"-282,197","-368,197"
1055,6757,台灣虎航-創     ,"-78,000",0,0,"-299,000","-377,000"
1056,2897,王道銀行        ,"-368,000",0,0,"-10,000","-378,000"
1057,1218,泰山            ,"-379,000",0,0,"1,000","-378,000"
1058,00710B,復華彭博非投等債,"-423,000",0,0,"42,099","-380,901"
1059,3706,神達            ,"-1,238,740",0,0,"851,474","-387,266"
1060,2645,長榮航太        ,"-402,000",0,0,"-1,924","-403,924"
1061,1319,東陽            ,"579,000",0,"-1,001,000","11,936","-410,064"
1062,6443,元晶            ,"-400,650",0,0,"-10,248","-410,898"
1063,2905,三商            ,"-127,000",0,0,"-298,583","-425,583"
1064,1210,大成            ,"-364,000",0,"-70,000","4,209","-429,791"
1065,1303,南亞            ,"-539,187",0,"23,572","78,971","-436,644"
1066,00664R,國泰臺灣加權反1 ,0,0,0,"-455,000","-455,000"
1067,6213,聯茂            ,"-313,000",0,"-140,000","-4,323","-457,323"
1068,3006,晶豪科          ,"-555,000",0,"250,000","-155,731","-460,731"
1069,8996,高力            ,"-528,000",0,"210,000","-149,232","-467,232"
1070,3044,健鼎            ,"126,000",0,"-596,000",-890,"-470,890"
1071,2530,華建            ,"-473,000",0,0,"1,549","-471,451"
1072,2887,台新金          ,"-340,685",0,0,"-133,084","-473,769"
1073,2727,王品            ,"-432,067",0,0,"-49,492","-481,559"
1074,2731,雄獅            ,"-422,122",0,0,"-69,649","-491,771"
1075,2258,鴻華先進-創     ,"-498,000",0,0,0,"-498,000"
1076,3588,通嘉            ,"-522,000",0,0,"18,000","-504,000"
1077,2347,聯強            ,"-819,283",0,"261,551","17,905","-539,827"
1078,2014,中鴻            ,"-574,000",0,0,"25,153","-548,847"
1079,1710,東聯            ,"-555,000",0,0,"2,000","-553,000"
1080,2723,美食-KY         ,"-576,000",0,"15,000","-11,863","-572,863"
1081,00676R,富邦臺灣加權反1 ,0,0,0,"-579,434","-579,434"
1082,8261,富鼎            ,"-696,000",0,0,"108,933","-587,067"
1083,00921,兆豐龍頭等權重  ,"57,000",0,0,"-648,734","-591,734"
1084,1605,華新            ,"-716,072",0,0,"110,095","-605,977"
1085,00669R,國泰美國道瓊反1 ,0,0,0,"-627,764","-627,764"
1086,2357,華碩            ,"-697,831",0,"43,206","26,515","-628,110"
1087,00648R,元大S&P500反1   ,0,0,0,"-649,154","-649,154"
1088,00662,富邦NASDAQ      ,"-371,000",0,0,"-282,309","-653,309"
1089,1519,華城            ,"-112,200",0,"-400,000","-145,223","-657,423"
1090,2402,毅嘉            ,"-656,970",0,0,"-21,839","-678,809"
1091,1907,永豐餘          ,"-684,000",0,0,"-7,372","-691,372"
1092,2615,萬海            ,"-643,185",0,"-31,000","-38,000","-712,185"
1093,00850,元大臺灣ESG永續 ,"-51,000",0,0,"-661,662","-712,662"
1094,3645,達邁            ,"-724,000",0,0,245,"-723,755"
1095,1513,中興電          ,"-690,000",0,0,"-37,499","-727,499"
1096,5871,中租-KY         ,"-751,752",0,"10,091",81,"-741,580"
1097,00692,富邦公司治理    ,"-32,690",0,0,"-722,788","-755,478"
1098,2458,義隆            ,"-599,000",0,"-2,181","-168,458","-769,639"
1099,2417,圓剛            ,"-857,000",0,0,"55,440","-801,560"
1100,2605,新興            ,"-883,000",0,0,"61,213","-821,787"
1101,1522,堤維西          ,"-884,000",0,0,"57,860","-826,140"
1102,6491,晶碩            ,"-453,000",0,"-404,000","6,372","-850,628"
1103,3711,日月光投控      ,"-1,103,801",0,"155,426","82,550","-865,825"
1104,3041,揚智            ,"-790,000",0,0,"-99,000","-889,000"
1105,5607,遠雄港          ,"-791,945",0,0,"-104,000","-895,945"
1106,00915,凱基優選高股息30,"-2,000",0,0,"-946,294","-948,294"
1107,2377,微星            ,"-995,158",0,"-20,738","-15,420","-1,031,316"
1108,2498,宏達電          ,"-923,000",0,0,"-115,992","-1,038,992"
1109,00713,元大台灣高息低波,"-26,840",0,0,"-1,015,571","-1,042,411"
1110,6271,同欣電          ,"-748,600",0,"-139,000","-160,906","-1,048,506"
1111,2607,榮運            ,"-1,052,000",0,"-7,000","-90,437","-1,149,437"
1112,1795,美時            ,"-1,311,000",0,"15,000","101,997","-1,194,003"
1113,6235,華孚            ,"-1,315,970",0,"128,000","-23,207","-1,211,177"
1114,00706L,期元大S&P日圓正2,"941,000",0,0,"-2,192,000","-1,251,000"
1115,3701,大眾控          ,"-1,360,000",0,0,"85,663","-1,274,337"
1116,1102,亞泥            ,"-1,205,062",0,"-83,666","11,786","-1,276,942"
1117,3036,文曄            ,"-1,105,460",0,"53,000","-247,447","-1,299,907"
1118,3094,聯傑            ,"-1,308,000",0,0,"1,730","-1,306,270"
1119,1609,大亞            ,"-1,368,256",0,0,"-52,269","-1,420,525"
1120,1314,中石化          ,"-1,512,000",0,0,"40,014","-1,471,986"
1121,00891,中信關鍵半導體  ,"456,000",0,0,"-1,940,532","-1,484,532"
1122,00688L,國泰20年美債正2 ,"-641,000",0,0,"-890,590","-1,531,590"
1123,2002,中鋼            ,"-1,461,041",0,"-135,000","8,000","-1,588,041"
1124,2352,佳世達          ,"-2,031,000",0,"188,246","241,071","-1,601,683"
1125,2371,大同            ,"-1,629,000",0,0,"-21,817","-1,650,817"
1126,2492,華新科          ,"-1,873,000",0,"1,000","-32,870","-1,904,870"
1127,6168,宏齊            ,"-1,907,000",0,0,"1,103","-1,905,897"
1128,006208,富邦台50        ,"-250,162",0,0,"-1,691,087","-1,941,249"
1129,3576,聯合再生        ,"-1,970,800",0,0,"11,495","-1,959,305"
1130,2606,裕民            ,"-2,067,000",0,"-6,414","94,231","-1,979,183"
1131,00712,復華富時不動產  ,"-3,841,720",0,0,"1,672,941","-2,168,779"
1132,2882,國泰金          ,"-2,012,935",0,"58,716","-215,322","-2,169,541"
1133,1802,台玻            ,"-2,141,343",0,0,"-95,500","-2,236,843"
1134,00923,群益台ESG低碳50 ,"-148,000",0,0,"-2,218,998","-2,366,998"
1135,2515,中工            ,"-2,463,000",0,0,"33,329","-2,429,671"
1136,00673R,期元大S&P原油反1,"6,123,000",0,0,"-8,807,264","-2,684,264"
1137,2312,金寶            ,"-3,038,000",0,0,"251,963","-2,786,037"
1138,2915,潤泰全          ,"-2,890,460",0,"-15,000","-33,834","-2,939,294"
1139,0056,元大高股息      ,"-152,027",0,"-2,750,000","-56,217","-2,958,244"
1140,2449,京元電子        ,"-3,275,000",0,"219,000","71,823","-2,984,177"
1141,2301,光寶科          ,"-2,875,887",0,"28,000","-179,687","-3,027,574"
1142,9904,寶成            ,"-3,140,365",0,0,"85,209","-3,055,156"
1143,00935,野村臺灣新科技50,"-16,000",0,0,"-3,048,549","-3,064,549"
1144,3035,智原            ,"-3,735,071",0,"384,000","231,369","-3,119,702"
1145,1402,遠東新          ,"-3,312,679",0,0,"69,905","-3,242,774"
1146,00882,中信中國高股息  ,"-1,849,000",0,0,"-1,458,480","-3,307,480"
1147,2543,皇昌            ,"-3,210,840",0,0,"-103,000","-3,313,840"
1148,2618,長榮航          ,"8,588,573",0,"-3,162,000","-8,792,929","-3,366,356"
1149,9945,潤泰新          ,"-3,575,530",0,0,"42,738","-3,532,792"
1150,2409,友達            ,"-3,872,719",0,0,"217,000","-3,655,719"
1151,00690,兆豐藍籌30      ,"-71,600",0,0,"-3,996,364","-4,067,964"
1152,00934,中信成長高股息  ,"-2,286,600",0,0,"-1,816,324","-4,102,924"
1153,2344,華邦電          ,"-4,873,849",0,"-53,000","262,546","-4,664,303"
1154,2201,裕隆            ,"-4,910,135",0,"-200,000","-907,182","-6,017,317"
1155,2317,鴻海            ,"-5,529,332",0,197,"-1,066,993","-6,596,128"
1156,2356,英業達          ,"-7,550,329",0,"-1,000","198,151","-7,353,178"
1157,00680L,元大美債20正2   ,"-1,079,000",0,0,"-7,285,725","-8,364,725"
1158,2883,開發金          ,"-8,725,978",0,0,"40,711","-8,685,267"
1159,3481,群創            ,"-10,441,185",0,"-1,000","-210,450","-10,652,635"
1160,00919,群益台灣精選高息,"-2,490,394",0,0,"-8,516,910","-11,007,304"
1161,00885,富邦越南        ,"-12,279,818",0,0,"-3,004,792","-15,284,610"
1162,00878,國泰永續高股息  ,"2,412,327",0,0,"-21,037,542","-18,625,215"
1163,00929,復華台灣科技優息,"-5,690,950",0,0,"-18,316,784","-24,007,734"
